#,ghLS,Line Name
1,PGKS1-1,F08-1FA-10A
2,PGKS1-1,F13-1F-IQC03
3,PGKS1-1,F11-2FA-02B
4,PGKS1-1,F11-2FA-08/D20
5,PGKS1-1,F13-1FA-53/N71
6,PGKS1-1,F11-1FP-03/D20
7,PGKS1-1,F13-2FA-06A/N71
8,PGKS1-1,F08-1FA-02B
9,PGKS1-1,F13-1FR-01/N71
10,PGKS1-1,F08-2FT-06
11,PGKS1-1,F08-2FT-QE
12,PGKS1-1,F11-3FA-09B
13,PGKS1-1,F11-1FT-01/D20
14,PGKS1-1,F11-3FP-11/D20
15,PGKS1-1,F13-2FP-05/N71
16,PGKS1-1,F11-3FA-12B/D20
17,PGKS1-1,F08-2FAP-01A
18,PGKS1-1,F11-3FA-09/D10
19,PGKS1-1,F13-2FT-02/N71
20,PGKS1-1,F08-1FA-10
21,PGKS1-1,F11-3FT-11/D20
22,PGKS1-1,F11-2FA-06A/D20
23,PGKS1-1,F09-2FAP-02A/N71
24,PGKS1-1,F11-1FR-01
25,PGKS1-1,F13-2F-QE02/N71
26,PGKS1-1,F11-3F-CA/D10
27,PGKS1-1,F13-1FA-34/N71
28,PGKS1-1,F11-2FAS-01
29,PGKS1-1,F11-2FA-01B
30,PGKS1-1,F11-2FA-07/D20
31,PGKS1-1,F13-1FA-52/N71
32,PGKS1-1,F11-1FP-02/D20
33,PGKS1-1,F08-1FA-10A/N71
34,PGKS1-1,F08-1FA-08B
35,PGKS1-1,F13-1FA-55/N71
36,PGKS1-1,F08-2FT-05
37,PGKS1-1,F08-2FT-CA
38,PGKS1-1,F11-2FH-13/D20
39,PGKS1-1,F11-3FR-02
40,PGKS1-1,F11-3FP-10
41,PGKS1-1,F08-3F-IQC03/N71
42,PGKS1-1,F11-3FA-11B/D20
43,PGKS1-1,F08-2FT-04
44,PGKS1-1,F11-3FA-09B/D10
45,PGKS1-1,F13-2FT-01/N71
46,PGKS1-1,F08-1FA-09
47,PGKS1-1,F11-1FT-08/D20
48,PGKS1-1,F11-2FA-05A
49,PGKS1-1,F09-2FAP-01A/N71
50,PGKS1-1,F11-2FAS-01B
51,PGKS1-1,F13-2F-CA02/N71
52,PGKS1-1,F10-3F-CA/D10
53,PGKS1-1,F13-1FA-33/N71
54,PGKS1-1,F08-1FA-07A
55,PGKS1-1,F11-1F-IQC03
56,PGKS1-1,F11-3FA-12A/D20
57,PGKS1-1,F11-2FA-06/D20
58,PGKS1-1,F13-1FA-51/N71
59,PGKS1-1,F11-1FP-01/D20
60,PGKS1-1,F13-3FP-28/N71
61,PGKS1-1,F08-2FP-10
62,PGKS1-1,F11-1FP-21/D21
63,PGKS1-1,F11-2FA-08B/D20
64,PGKS1-1,F11-2FAS-02
65,PGKS1-1,F11-3FP-09
66,PGKS1-1,F11-1F-IQC01/N71
67,PGKS1-1,F08-1FA-04
68,PGKS1-1,F08-1FT-12/N71
69,PGKS1-1,F08-1FA-05
70,PGKS1-1,F11-1FT-07/D20
71,PGKS1-1,F11-2FA-04A
72,PGKS1-1,F08-2FAP-06A/N71
73,PGKS1-1,F11-1FP-19/D20
74,PGKS1-1,F13-1F-CA/N71
75,PGKS1-1,F10-3FR-01/D10
76,PGKS1-1,F13-1FA-32/N71
77,PGKS1-1,F08-2FT-08
78,PGKS1-1,F11-3F-RD01/D20
79,PGKS1-1,F11-3FA-11A/D20
80,PGKS1-1,F11-2FA-05/D20
81,PGKS1-1,F13-2FP-25/N71
82,PGKS1-1,F10-1F-CA/D20
83,PGKS1-1,F13-1F-REP/N71
84,PGKS1-1,F08-2FP-09
85,PGKS1-1,F11-1F-CA03/D21
86,PGKS1-1,F11-2FA-07B/D20
87,PGKS1-1,F11-2FAS-06/D20
88,PGKS1-1,F11-1FP-08/D20
89,PGKS1-1,F11-1F-RD01/N71
90,PGKS1-1,F08-2FT-01
91,PGKS1-1,F13-1FA-45/N71
92,PGKS1-1,F08-1FA-03
93,PGKS1-1,F11-1FT-06/D20
94,PGKS1-1,F11-2FA-03A
95,PGKS1-1,F08-2FAP-05A/N71
96,PGKS1-1,F11-3F-REP
97,PGKS1-1,F11-1F-CA02/N71
98,PGKS1-1,F11-3F-REP/D10
99,PGKS1-1,F13-1FA-31/N71
100,PGKS1-1,F08-1FT-12
101,PGKS1-1,F12-1F-REL/D20
102,PGKS1-1,F11-3FA-10A
103,PGKS1-1,F11-3F-RD01/T166
104,PGKS1-1,F11-2FA-04/D20
105,PGKS1-1,F13-2FP-24/N71
106,PGKS1-1,F09-1F-QE/D20
107,PGKS1-1,F12-1F-REL/N71
108,PGKS1-1,F08-2FP-05
109,PGKS1-1,F10-2FP-07
110,PGKS1-1,F11-2FA-06B/D20
111,PGKS1-1,F11-3FAS-10
112,PGKS1-1,F11-1FP-07/D20
113,PGKS1-1,F08-2F-REP/N71
114,PGKS1-1,F08-3F-IQC02
115,PGKS1-1,F13-1FA-44/N71
116,PGKS1-1,F08-1FT-09
117,PGKS1-1,F11-1FT-05/D20
118,PGKS1-1,F11-2FA-02A
119,PGKS1-1,F08-2FAP-04A/N71
120,PGKS1-1,F11-2FA-OT
121,PGKS1-1,F08-2FP-08
122,PGKS1-1,F10-3F-REP/D10
123,PGKS1-1,F13-3F-REP02/N71
124,PGKS1-1,F08-1FT-11
125,PGKS1-1,F13-2FA-06/N71
126,PGKS1-1,F11-2FA-03/D20
127,PGKS1-1,F13-2FP-23/N71
128,PGKS1-1,F11-3F-CA
129,PGKS1-1,F13-3FA-37/N71
130,PGKS1-1,F08-1FA-07
131,PGKS1-1,F11-3FT-QE
132,PGKS1-1,F11-2FA-05B/D20
133,PGKS1-1,F11-3FAS-09
134,PGKS1-1,F11-1FP-06/D20
135,PGKS1-1,F13-2FA-05B/N71
136,PGKS1-1,F08-2FP-07
137,PGKS1-1,F13-1FA-43/N71
138,PGKS1-1,F08-1FA-09A
139,PGKS1-1,F11-1FT-04/D20
140,PGKS1-1,F11-2FA-01A
141,PGKS1-1,F13-2FA-05/N71
142,PGKS1-1,F11-1FP-18/D20
143,PGKS1-1,F09-2FAP-03A/N61
144,PGKS1-1,F11-3FR-02/D10
145,PGKS1-1,F13-2FT-05/N71
146,PGKS1-1,F08-1FA-09B
147,PGKS1-1,F11-3FTS-10
148,PGKS1-1,F11-3FA-09A
149,PGKS1-1,F11-2FA-02/D20
150,PGKS1-1,F13-2FP-22/N71
151,PGKS1-1,F10-2FP-05/D10
152,PGKS1-1,F13-3FA-36/N71
153,PGKS1-1,F08-1FA-08A
154,PGKS1-1,F11-1FTC-06/D20
155,PGKS1-1,F11-2FA-04B
156,PGKS1-1,F11-3FA-12/D20
157,PGKS1-1,F11-1FP-05/D20
158,PGKS1-1,F08-2F-CA/N71
159,PGKS1-1,F08-2FP-06
160,PGKS1-1,F13-1FA-42/N71
161,PGKS1-1,F08-1FA-05A
162,PGKS1-1,F11-1FT-03/D20
163,PGKS1-1,F12-2F-QE/D20
164,PGKS1-1,F13-2FA-05A/N71
165,PGKS1-1,F11-3FAS-10B
166,PGKS1-1,F09-2FAP-01A/N61
167,PGKS1-1,F11-3FP-15/D10
168,PGKS1-1,F13-2FT-04/N71
169,PGKS1-1,F08-1FA-05B
170,PGKS1-1,F11-3FTS-09
171,PGKS1-1,F11-2FA-08A/D20
172,PGKS1-1,F13-1F-QE/N71
173,PGKS1-1,F13-1FA-35/N71
174,PGKS1-1,F08-1FA-04A
175,PGKS1-1,F12-1F-IQC01
176,PGKS1-1,F11-2FA-03B
177,PGKS1-1,F11-3FA-11/D20
178,PGKS1-1,F13-1FA-54/N71
179,PGKS1-1,F11-1FP-04/D20
180,PGKS1-1,F13-3FP-27/N71
181,PGKS1-1,F08-1FA-10B
182,PGKS1-1,F13-1FA-41/N71
183,PGKS1-1,F08-2FT-07
184,PGKS1-1,F08-1FT-10
185,PGKS1-1,F11-3FA-10B
186,PGKS1-1,F11-1FT-02/D20
187,PGKS1-1,F11-3FP-12/D20
188,PGKS1-1,F13-2FP-06/N71
189,PGKS1-1,F11-3FAS-09B
190,PGKS1-1,F08-2FAP-02A
191,PGKS1-1,F11-3FA-09A/D10
192,PGKS1-1,F13-2FT-03/N71
193,PGKS1-1,F08-2FR-02
194,PGKS1-1,F11-3FT-12/D20
195,PGKS1-1,F11-2FA-07A/D20
196,PGKS1-1,F09-2FAP-03A/N71
197,PGKS1-1,F11-2FA-01/D20
198,PGKS1-1,F13-2FP-21/N71
199,PGKS1-1,F11-3FT-09/D10
200,PGKS1-2,F13-3FHS-03/N84
201,PGKS1-2,F12-3FP-06/D33
202,PGKS1-2,F13-2FTC-02/N84
203,PGKS1-2,F12-2FA-56/D79
204,PGKS1-2,F13-3F-RD01/N84
205,PGKS1-2,F12-2F-REP02/D79
206,PGKS1-2,F12-3FP-15/N84
207,PGKS1-2,F13-2FP-01/N84
208,PGKS1-2,F13-3FCG-03/N84
209,PGKS1-2,F12-2FAS-05/D79
210,PGKS1-2,F13-1FPAM-04/N84
211,PGKS1-2,F13-3FAS-01/N84
212,PGKS1-2,F11-2FTS-05/D79
213,PGKS1-2,F13-3FHC-02/N84
214,PGKS1-2,F12-3F-REP/D33
215,PGKS1-2,F12-3FTS-09/N84
216,PGKS1-2,F12-1F-IQC02/D79
217,PGKS1-2,F13-3FHS-05/N84
218,PGKS1-2,F12-2F-QE02/D79
219,PGKS1-2,F13-1F-IQC02
220,PGKS1-2,F12-3FP-14/N84
221,PGKS1-2,F13-3FCG-02/N84
222,PGKS1-2,F11-2FAS-05/D79
223,PGKS1-2,F13-1FPAM-03/N84
224,PGKS1-2,F13-3FAC-02/N84
225,PGKS1-2,F12-2F-RD03/D79
226,PGKS1-2,F13-2FR-02/N84
227,PGKS1-2,F12-2F-REP/D33
228,PGKS1-2,F12-3FTC-10/N84
229,PGKS1-2,F11-1F-IQC/D79
230,PGKS1-2,F13-2FP-05/N84
231,PGKS1-2,F12-3FP-13/N84
232,PGKS1-2,F13-3FCG-01/N84
233,PGKS1-2,F12-2FHS-02/D79
234,PGKS1-2,F13-1FPAM-02/N84
235,PGKS1-2,F12-3FR-05/N84
236,PGKS1-2,F12-2F-RD05/D79
237,PGKS1-2,F12-3FR-06/N84
238,PGKS1-2,F12-2FT-QE/D33
239,PGKS1-2,F12-3F-REP01/N84
240,PGKS1-2,F12-2FAS-06/D79
241,PGKS1-2,F12-3FCG-08/N84
242,PGKS1-2,F12-3FP-12/N84
243,PGKS1-2,F13-3F-REP03/N84
244,PGKS1-2,F12-2FCG-02/D79
245,PGKS1-2,F13-2FP-07/N84
246,PGKS1-2,F12-3FAS-09/N84
247,PGKS1-2,F08-1FA-56/D79
248,PGKS1-2,F13-3FHS-01/N84
249,PGKS1-2,F13-3FR-01/N84
250,PGKS1-2,F12-2FP-07/D79
251,PGKS1-2,F12-1F-REL01/N84
252,PGKS1-2,F12-2F-QE03/N84
253,PGKS1-2,F13-3F-OT02/N84
254,PGKS1-2,F12-2FHS-01/D79
255,PGKS1-2,F13-2FP-06/N84
256,PGKS1-2,F12-3FAC-10/N84
257,PGKS1-2,F12-2F-RD02/D79
258,PGKS1-2,F12-3FHS-05/N84
259,PGKS1-2,F13-3FAS-05/N84
260,PGKS1-2,F11-2FP-15/D79
261,PGKS1-2,F13-2FTS-04/N84
262,PGKS1-2,F13-1FPAM-01/N84
263,PGKS1-2,F12-3FCG-07/N84
264,PGKS1-2,F11-2FHS-05/D79
265,PGKS1-2,F13-2FP-04/N84
266,PGKS1-2,F13-3FCG-06/N84
267,PGKS1-2,F12-1F-REL03/D79
268,PGKS1-2,F13-3FAS-04/N84
269,PGKS1-2,F12-2FP-06/D79
270,PGKS1-2,F13-2FTS-01/N84
271,PGKS1-2,F13-2F-CA03/N84
272,PGKS1-2,F12-3FCG-06/N84
273,PGKS1-2,F12-2FCG-01/D79
274,PGKS1-2,F13-2FP-03/N84
275,PGKS1-2,F13-3FCG-05/N84
276,PGKS1-2,F12-2FTS-06/D79
277,PGKS1-2,F12-3FHC-06/N84
278,PGKS1-2,F12-2F-RD04/D79
279,PGKS1-2,F13-3FHS-04/N84
280,PGKS1-2,F12-2F-CA02/D79
281,PGKS1-2,F13-2FTC-03/N84
282,PGKS1-2,F12-2F-RD06/D79
283,PGKS1-2,F12-3F-OT01/N84
284,PGKS1-2,F11-2FCG-05/D79
285,PGKS1-2,F13-1FAS-06/N84
286,PGKS1-2,F13-2FP-02/N84
287,PGKS1-2,F13-3FCG-04/N84
288,PGKS1-2,F12-2FTS-05/D79
289,PGKS1-2,F13-1FPAM-05/N84
290,PGKS1-2,F13-3FAS-03/N84
291,PGKS1-4,F10-1FA-01A
292,PGKS1-4,F10-2FA-11/N301
293,PGKS1-4,F10-1FA-09/B431
294,PGKS1-4,F10-2F-RD01/N301
295,PGKS1-4,F09-1F-REL01
296,PGKS1-4,F09-1FRF-11/B383
297,PGKS1-4,F10-1FRMT-02
298,PGKS1-4,F10-1FT-02
299,PGKS1-4,F10-2FA-61/N301
300,PGKS1-4,F10-1FA-03
301,PGKS1-4,F10-2F-IQC/N301
302,PGKS1-4,F09-1F-REL02
303,PGKS1-4,F10-2F-RD03/B383
304,PGKS1-4,F10-1FAP-05
305,PGKS1-4,F10-1FA-06
306,PGKS1-4,F10-2FA-21/N301
307,PGKS1-4,F10-2F-CA/N301
308,PGKS1-4,F10-2F-OQC01
309,PGKS1-4,F10-2FA-41/N301
310,PGKS1-4,F10-1F-REL04/B383
311,PGKS1-4,F10-1FAP-06
312,PGKS1-4,F10-1FA-04
313,PGKS1-4,F09-1F-QE01
314,PGKS1-4,F10-2F-REP/N301
315,PGKS1-4,F10-1F-REP01/B431
316,PGKS1-4,F10-2FA-31/N301
317,PGKS1-4,F10-2FAS-60/B383
318,PGKS1-4,F10-1FAP-01
319,PGKS1-4,F10-1FP-04
320,PGKS1-4,F09-1FSMT-03
321,PGKS1-4,F10-2F-RD02/N301
322,PGKS1-4,F10-1F-OQC01
323,PGKS1-4,F10-2FRF-01/N301
324,PGKS1-4,F10-2F-REP10/B383
325,PGKS1-4,F09-2FREP-03
326,PGKS1-4,F10-1FA-01
327,PGKS1-4,F10-2FA-51/N301
328,PGKS1-4,F10-1F-RD01
329,PGKS1-4,F10-2F-REP01/N301
330,PGKS1-4,F10-2FAS-50/B383
331,PGKS1-4,F09-1FAP-02W
332,PGKS1-4,F10-1FP-03
333,PGKS1-4,F09-1FAP-02
334,PGKS1-4,F10-2FA-01/N301
335,PGKS1-4,F10-1F-IQC01
336,PGKS1-4,F10-2FAS-01/N301
337,PGKS1-4,F10-2FAS-40/B383
338,PGKS1-4,F09-1FAP-01W
339,PGKS1-4,F10-1FP-01/B431
340,PGKS1-4,F10-1FA-03A
341,PGKS1-4,F10-1F-REL01/N301
342,PGKS1-4,F10-1FA-08/B431
343,PGKS1-4,F10-2FP-01/N301
344,PGKS1-4,F10-1FT-01/B431
345,PGKS1-4,F10-2F-REP03/B383
346,PGKS1-4,F09-1FAP-01
347,PGKS2-1,F09-2FREP-01
348,PGKS2-1,F12-1FAP-37/D79
349,PGKS2-1,F09-1FAP-03M
350,PGKS2-1,F12-1FAP-24/D20
351,PGKS2-1,F12-1FAP-29/D20
352,PGKS2-1,F12-1FRF-08/D79
353,PGKS2-1,F09-1FRF-15/D20
354,PGKS2-1,F12-1FAP-38/D79
355,PGKS2-1,F09-1FAP-02M
356,PGKS2-1,F12-1FAP-35/D20
357,PGKS2-1,F12-1FAP-28/D20
358,PGKS2-1,F12-1FAP-14/D33
359,PGKS2-1,F09-1FRF-14/D20
360,PGKS2-1,F12-1FAP-36/D79
361,PGKS2-1,F12-1FAP-32/D20
362,PGKS2-1,F09-1FRF-07/D33
363,PGKS2-1,F09-1FRF-13/D20
364,PGKS2-1,F12-1FAP-34/D79
365,PGKS2-1,F12-1FAP-31/D20
366,PGKS2-1,F09-2FAP-25/D33
367,PGKS2-1,F09-1FRF-12/D20
368,PGKS2-1,F12-1F-RD03/D79
369,PGKS2-1,F12-1FAP-30/D20
370,PGKS2-1,F09-2FRF-01A/D20
371,PGKS2-1,F12-1F-REP06/D79
372,PGKS2-1,F09-2FREP-01/T536
373,PGKS2-1,F09-1FAP-05M
374,PGKS2-1,F12-1FAP-40/D20
375,PGKS2-1,F09-2FRF-14
376,PGKS2-1,F09-1FR-01B/T268
377,PGKS2-1,F09-1FR-02
378,PGKS2-1,F12-1FAP-26/D20
379,PGKS2-1,F12-1FAP-27/D20
380,PGKS2-1,F12-1F-REL02/D79
381,PGKS2-1,F09-1FAP-01M
382,PGKS2-1,F09-2FREP-01/T265
383,PGKS2-1,F09-1FAP-04M
384,PGKS2-1,F12-1FAP-25/D20
385,PGKS2-1,F12-1FAP-39/D20
386,PGKS2-1,F12-1F-RD02/D79
387,PGKS2-2,F08-1FP-09/N84
388,PGKS2-2,F09-1FCRT-11
389,PGKS2-2,F09-1FA-01A/N48
390,PGKS2-2,F08-1FP-06/D20
391,PGKS2-2,F08-3F-IQC01/N71
392,PGKS2-2,F08-1FHS-11/N61
393,PGKS2-2,F13-3FT-01/D20
394,PGKS2-2,F08-1FA-50/D79
395,PGKS2-2,F11-1F-CA02/N71
396,PGKS2-2,F08-2F-CA02/N48
397,PGKS2-2,F08-1FCG-07/D20
398,PGKS2-2,F08-1FCG-08/N84
399,PGKS2-2,F09-1FRMA-02/N61
400,PGKS2-2,F08-1FH-03/N104
401,PGKS2-2,F08-1FA-15B/D10
402,PGKS2-2,F08-1FCRT-11/N71
403,PGKS2-2,F08-2FCRT-02/N48
404,PGKS2-2,F08-1FCRT-06/D20
405,PGKS2-2,F08-2FRMA-10/N84
406,PGKS2-2,F09-1FA-11B
407,PGKS2-2,F09-1FCRB-REP01/N48
408,PGKS2-2,F08-1FCRT-15/D10
409,PGKS2-2,F09-1FRMT-12/N71
410,PGKS2-2,F08-1FA-11A
411,PGKS2-2,F08-2FRMA-06/D20
412,PGKS2-2,F08-2FRMT-09/N84
413,PGKS2-2,F09-1FA-14A
414,PGKS2-2,F09-1FRMT-01/N48
415,PGKS2-2,F08-2F-CA06/D20
416,PGKS2-2,F08-2F-IQC03/N71
417,PGKS2-2,F08-1FA-12B
418,PGKS2-2,F13-3F-REP01/D20
419,PGKS2-2,F08-1FH-09/N84
420,PGKS2-2,F08-1FP-01/N71
421,PGKS2-2,F08-1F-CA02/N48
422,PGKS2-2,F08-1FCG-06/D20
423,PGKS2-2,F08-1F-REP09/N84
424,PGKS2-2,F09-1FRMA-01
425,PGKS2-2,F08-1FAP-02/N104
426,PGKS2-2,F08-1FA-15A/D10
427,PGKS2-2,F09-1FCRB-11/N71
428,PGKS2-2,F08-1FA-13B/N48
429,PGKS2-2,F08-1FAS-06/D20
430,PGKS2-2,F08-2FRMA-09/N84
431,PGKS2-2,F09-1FRMT-02
432,PGKS2-2,F08-2FCRT-03/N48
433,PGKS2-2,F08-2FRMT-17/D10
434,PGKS2-2,F08-2FRMT-13/N71
435,PGKS2-2,F09-1FT-11
436,PGKS2-2,F08-2FRMT-06/D20
437,PGKS2-2,F08-2FRMA-08/N84
438,PGKS2-2,F08-1FAP-11/N61
439,PGKS2-2,F08-2FRMT-05/N48
440,PGKS2-2,F08-1F-REP15/D10
441,PGKS2-2,F08-2FRMT-10/N71
442,PGKS2-2,F08-1FA-11B
443,PGKS2-2,F08-2F-IQC06/D20
444,PGKS2-2,F08-1FHS-08/N84
445,PGKS2-2,F08-2FRMT-02/N61
446,PGKS2-2,F08-1FP-03/N104
447,PGKS2-2,F08-1FP-15/D10
448,PGKS2-2,F08-1FA-21A/N71
449,PGKS2-2,F09-1FCRT-03/N48
450,PGKS2-2,F08-2FA-06B/D20
451,PGKS2-2,F08-2FCRB-09/N84
452,PGKS2-2,F08-2FRMA-01/N61
453,PGKS2-2,F08-2FCRB-03/N48
454,PGKS2-2,F08-2FRMT-16/D10
455,PGKS2-2,F08-2FRMT-12/N71
456,PGKS2-2,F08-1FT-11
457,PGKS2-2,F08-2FRMA-06B/D20
458,PGKS2-2,F09-1F-IQC01
459,PGKS2-2,F08-2FRMA-05/N48
460,PGKS2-2,F10-2F-CA03/D10
461,PGKS2-2,F08-2FRMA-11/N71
462,PGKS2-2,F09-1FA-11
463,PGKS2-2,F08-1FP-05/D20
464,PGKS2-2,F08-1FH-08/N84
465,PGKS2-2,F08-2FRMT-01/N61
466,PGKS2-2,F08-1FA-02/N104
467,PGKS2-2,F11-3F-CA03/D10
468,PGKS2-2,F08-1FT-01/N71
469,PGKS2-2,F08-1FCRT-02/N48
470,PGKS2-2,F08-1F-REP16/D20
471,PGKS2-2,F08-2FH-08/N84
472,PGKS2-2,F08-2FCRB-01/N61
473,PGKS2-2,F08-2F-REP02/N48
474,PGKS2-2,F08-2FRMA-16/D10
475,PGKS2-2,F08-2FRMT-11/N71
476,PGKS2-2,F08-1F-REP03/N61
477,PGKS2-2,F08-2FCRB-06/D20
478,PGKS2-2,F08-2FRMA-07/N84
479,PGKS2-2,F08-2F-IQC15/D10
480,PGKS2-2,F09-1FA-02A/N71
481,PGKS2-2,F08-1FA-11
482,PGKS2-2,F08-2FRMT-07/D20
483,PGKS2-2,F08-1FP-08/N84
484,PGKS2-2,F08-2FRMA-02/N61
485,PGKS2-2,F08-1F-REP18/N104
486,PGKS2-2,F08-2F-CA15/D10
487,PGKS2-2,F08-1FHS-01/N71
488,PGKS2-2,F09-1F-IQC01/N48
489,PGKS2-2,F08-1F-REP06/D20
490,PGKS2-2,F08-2F-IQC08/N84
491,PGKS2-2,F09-1FA-15A
492,PGKS2-2,F09-1FCRT-REP/N48
493,PGKS2-2,F08-2FCRB-15/D10
494,PGKS2-2,F08-2FRMA-13A/N71
495,PGKS2-2,F09-1FP-11
496,PGKS2-2,F08-1FCRB-06/D20
497,PGKS2-2,F08-1F-CA08/N84
498,PGKS2-2,F08-2F-IQC01/N61
499,PGKS2-2,F09-1FCRT-02/N48
500,PGKS2-2,F09-1FA-12A
501,PGKS2-2,F08-2FRMA-06A/D20
502,PGKS2-2,F08-2F-CA08/N84
503,PGKS2-2,F09-1FT-12
504,PGKS2-2,F08-2FRMT-19/N104
505,PGKS2-2,F08-1FA-22B/N71
506,PGKS2-2,F08-3F-IQC/N48
507,PGKS2-2,F13-3FA-01B/D20
508,PGKS2-2,F08-1FTC-08/N84
509,PGKS2-2,F09-1FA-13A
510,PGKS2-2,F09-1FCRT-01/N48
511,PGKS2-2,F08-1F-REP05/D10
512,PGKS2-2,F08-2FRMA-12/N71
513,PGKS2-2,F08-2F-CA11/N61
514,PGKS2-2,F08-1FA-06/D20
515,PGKS2-2,F08-2FCRB-08/N84
516,PGKS2-2,F08-3F-IQC01
517,PGKS2-2,F09-1FCRB-01/N48
518,PGKS2-2,F08-1FP-16/D10
519,PGKS2-2,F09-1FA-01A/N71
520,PGKS2-2,F09-1FRMT-11/N71
521,PGKS2-2,F09-1F-REP01
522,PGKS2-2,F08-1FAP-07/D33
523,PGKS2-2,F08-1FA-21B/N71
524,PGKS2-2,F08-2FCRB-REP03/N48
525,PGKS2-2,F08-1FHS-06/D20
526,PGKS2-2,F08-1F-REP08/N84
527,PGKS2-2,F09-1FA-11A
528,PGKS2-2,F08-1FCRT-03/N48
529,PGKS2-2,F08-1FT-15/D10
530,PGKS2-2,F08-2FCRB-11/N71
531,PGKS2-2,F08-1FP-11/N61
532,PGKS2-2,F08-2FCRB-07/D20
533,PGKS2-2,F08-1FA-08/N84
534,PGKS2-2,F09-1FA-14B
535,PGKS2-2,F08-1FCRT-01/N48
536,PGKS2-2,F08-2FRMT-15/D10
537,PGKS2-2,F08-1FA-22A/N71
538,PGKS2-2,F08-1FCG-11/N61
539,PGKS2-2,F08-2FA-06A/D20
540,PGKS2-2,F08-1FAP-09/N84
541,PGKS2-2,F08-2F-CA02/N71
542,PGKS2-2,F08-1FA-13A/N48
543,PGKS2-2,F08-2FCRB-05/D20
544,PGKS2-2,F09-1FRMA-12/N71
545,PGKS2-2,F09-1FA-13B
546,PGKS2-2,F08-1FP-07/D33
547,PGKS2-2,F08-1FP-02/D79
548,PGKS2-2,F08-1FA-01/N71
549,PGKS2-2,F09-1FRMA-REP01/N48
550,PGKS2-2,F13-3FA-01A/D20
551,PGKS2-2,F08-1FAS-08/N84
552,PGKS2-2,F09-1FRMT-01
553,PGKS2-2,F08-2FCRT-01/N48
554,PGKS2-2,F08-1FA-15/D10
555,PGKS2-2,F08-1F-REP01/N71
556,PGKS2-2,F08-2FAP-03A/N48
557,PGKS2-2,F08-1FTC-06/D20
558,PGKS2-2,F08-2FRMT-08/N84
559,PGKS2-2,F09-1FA-12B
560,PGKS2-2,F08-1F-REP02/N48
561,PGKS2-2,F08-2FRMA-15/D10
562,PGKS2-2,F08-1FCG-01/N71
563,PGKS2-2,F08-1FA-12A
564,PGKS2-2,F08-2F-CA07/D20
565,PGPD2-5,F03-4FA-09/N71
566,PGPD2-5,F04-3FR-02/N71
567,PGPD2-5,F03-4FGS-01/N104
568,PGPD2-5,F04-3F-CA/N104
569,PGPD2-5,F04-4FAC-04/N84
570,PGPD2-5,F03-4FAS-09B/D20
571,PGPD2-5,F03-3FT-10/N71
572,PGPD2-5,F04-3F-RD01/N104
573,PGPD2-5,F03-4FHC-06/N104
574,PGPD2-5,F04-3F-REP/D20
575,PGPD2-5,F04-3FT-11/N71
576,PGPD2-5,F03-3FT-CA/D10
577,PGPD2-5,F04-4FA-04/N71
578,PGPD2-5,F04-4FAC-02/N104
579,PGPD2-5,F03-3FP-03/N104
580,PGPD2-5,F04-4FAC-09B/D20
581,PGPD2-5,F04-4FA-OT/N84
582,PGPD2-5,F03-3FT-08/N71
583,PGPD2-5,F04-3FR-08/N104
584,PGPD2-5,F04-4FHC-05/N104
585,PGPD2-5,F03-2FR-02B/D20
586,PGPD2-5,F03-3FT-11/N71
587,PGPD2-5,F03-4FAC-03/D10
588,PGPD2-5,F03-4FA-07B/N71
589,PGPD2-5,F03-4F-OT/N104
590,PGPD2-5,F03-3FP-11/N104
591,PGPD2-5,F04-3FR-01/D20
592,PGPD2-5,F03-3FR-01/D10
593,PGPD2-5,F04-3FR-01/N71
594,PGPD2-5,F03-4FA-05/N71
595,PGPD2-5,F03-3FR-05/N104
596,PGPD2-5,F04-1F-RD01/N104
597,PGPD2-5,F04-2FH-04/N84
598,PGPD2-5,F04-2FR-01B/D20
599,PGPD2-5,F04-3FR-01B/N71
600,PGPD2-5,F04-4F-OT/N104
601,PGPD2-5,F04-3FP-07/N104
602,PGPD2-5,F04-4FAC-01/D20
603,PGPD2-5,F04-3FT-REP/D10
604,PGPD2-5,F03-4FA-15/N71
605,PGPD2-5,F03-4FAS-05/N104
606,PGPD2-5,F03-3F-CA/N104
607,PGPD2-5,F04-1F-RD01/N84
608,PGPD2-5,F03-4FAC-06B/D20
609,PGPD2-5,F03-3FT-02/N71
610,PGPD2-5,F04-4FGS-06/N104
611,PGPD2-5,F03-4FHC-04/N104
612,PGPD2-5,F03-3F-REP/D20
613,PGPD2-5,F04-3FT-01/N71
614,PGPD2-5,F04-3FP-10/D10
615,PGPD2-5,F04-4FA-03/N71
616,PGPD2-5,F04-3FR-05/N104
617,PGPD2-5,F03-3FP-02/N104
618,PGPD2-5,F04-4FAC-04B/D20
619,PGPD2-5,F03-3F-RD02/N84
620,PGPD2-5,F03-3FT-06/N71
621,PGPD2-5,F03-3FR-09/N104
622,PGPD2-5,F04-4FHC-03/N104
623,PGPD2-5,F04-4FAC-07/D20
624,PGPD2-5,F04-3FT-10/N71
625,PGPD2-5,F03-4FAC-07B/D10
626,PGPD2-5,F03-4FA-06B/N71
627,PGPD2-5,F04-3FP-13/N104
628,PGPD2-5,F03-3FP-10/N104
629,PGPD2-5,F03-4FAC-08/D20
630,PGPD2-5,F04-3FR-02/D10
631,PGPD2-5,F03-4FA-08/N71
632,PGPD2-5,F03-4FA-02/N71
633,PGPD2-5,F03-3FR-04/N104
634,PGPD2-5,F03-3FTS-02/N104
635,PGPD2-5,F03-2FH-02/N84
636,PGPD2-5,F03-4FAC-07B/D20
637,PGPD2-5,F03-4FA-15B/N71
638,PGPD2-5,F04-3FR-01/N104
639,PGPD2-5,F04-3FP-06/N104
640,PGPD2-5,F04-4FAC-07B/D20
641,PGPD2-5,F03-3FT-REP/D10
642,PGPD2-5,F03-4FA-04/N71
643,PGPD2-5,F04-3FTS-02/N104
644,PGPD2-5,F03-2FH-01/N84
645,PGPD2-5,F03-4FAC-03B/D20
646,PGPD2-5,F04-4FA-12B/N71
647,PGPD2-5,F04-4FGS-04/N104
648,PGPD2-5,F03-4FHC-02/N104
649,PGPD2-5,F04-3FTS-07/D20
650,PGPD2-5,F03-3FTS-07/D10
651,PGPD2-5,F04-3F-RD02/N84
652,PGPD2-5,F04-3FT-REP/N71
653,PGPD2-5,F03-3FR-08/N104
654,PGPD2-5,F04-4FHC-02/N104
655,PGPD2-5,F03-4FAS-02/D20
656,PGPD2-5,F03-3FT-12/N71
657,PGPD2-5,F03-4FAC-06B/D10
658,PGPD2-5,F03-4FA-05B/N71
659,PGPD2-5,F04-4FAS-06/N104
660,PGPD2-5,F03-3FP-09/N104
661,PGPD2-5,F03-4FAC-04B/D20
662,PGPD2-5,F04-3FR-01/D10
663,PGPD2-5,F04-4FA-14B/N71
664,PGPD2-5,F03-4FA-01/N71
665,PGPD2-5,F04-2FH-01/N104
666,PGPD2-5,F03-3FTS-01/N104
667,PGPD2-5,F03-4FA-10/N71
668,PGPD2-5,F03-3F-RD02/D20
669,PGPD2-5,F03-4FA-14B/N71
670,PGPD2-5,F03-4FGS-05/N104
671,PGPD2-5,F04-3FP-05/N104
672,PGPD2-5,F03-2FR-01B/D20
673,PGPD2-5,F04-4FAC-08B/D10
674,PGPD2-5,F03-3FT-13/N71
675,PGPD2-5,F03-4FA-14/N71
676,PGPD2-5,F03-4FAS-03/N104
677,PGPD2-5,F04-4FGS-01/N104
678,PGPD2-5,F03-3FR-02/N104
679,PGPD2-5,F03-4FAS-09/D20
680,PGPD2-5,F04-2FT-RF/D10
681,PGPD2-5,F03-4FAC-05/N84
682,PGPD2-5,F04-3FT-15/N71
683,PGPD2-5,F03-3FR-01/N104
684,PGPD2-5,F04-3FR-02/N104
685,PGPD2-5,F03-4FAS-01/D20
686,PGPD2-5,F03-4FA-03/N71
687,PGPD2-5,F03-4FAC-08/D10
688,PGPD2-5,F03-4FA-03B/N71
689,PGPD2-5,F04-4FAS-04/N104
690,PGPD2-5,F03-3FP-08/N104
691,PGPD2-5,F04-4FAS-06B/D20
692,PGPD2-5,F04-4FAS-05B/D10
693,PGPD2-5,F04-4FA-13B/N71
694,PGPD2-5,F04-3FT-REP/N61
695,PGPD2-5,F03-2FH-01/N104
696,PGPD2-5,F03-3FTC-05/N104
697,PGPD2-5,F03-3FR-01/N71
698,PGPD2-5,F04-2FA-02B/D20
699,PGPD2-5,F03-4FA-13B/N71
700,PGPD2-5,F03-4FGS-03/N104
701,PGPD2-5,F04-3FP-04/N104
702,PGPD2-5,F04-2FA-04B/D20
703,PGPD2-5,F04-4FAC-03B/D10
704,PGPD2-5,F04-1F-IQC/N71
705,PGPD2-5,F03-4FA-13/N71
706,PGPD2-5,F03-4FAS-01/N104
707,PGPD2-5,F04-3FTS-01/N104
708,PGPD2-5,F03-4FAC-03/N84
709,PGPD2-5,F04-4FAS-05B/D20
710,PGPD2-5,F04-4FA-05B/N71
711,PGPD2-5,F03-3FR-05/D10
712,PGPD2-5,F04-3FA-21/N84
713,PGPD2-5,F04-3FT-13/N71
714,PGPD2-5,F03-1F-IQC/N104
715,PGPD2-5,F03-4FHS-05/N104
716,PGPD2-5,F03-4FAC-05B/D20
717,PGPD2-5,F04-3FT-05/N71
718,PGPD2-5,F04-1F-IQC/D10
719,PGPD2-5,F04-4FA-14/N71
720,PGPD2-5,F04-4FAS-01/N104
721,PGPD2-5,F03-3FP-07/N104
722,PGPD2-5,F03-4FAS-02B/D20
723,PGPD2-5,F04-4FAC-07B/D10
724,PGPD2-5,F03-4FA-09B/N71
725,PGPD2-5,F04-4FA-05B/N61
726,PGPD2-5,F04-4FHS-06/N104
727,PGPD2-5,F03-3FTC-04/N104
728,PGPD2-5,F03-3FT-01/N71
729,PGPD2-5,F03-2FA-04B/D20
730,PGPD2-5,F03-4FA-12B/N71
731,PGPD2-5,F03-4FGC-07/N104
732,PGPD2-5,F04-3FP-03/N104
733,PGPD2-5,F03-2FA-03B/D20
734,PGPD2-5,F04-3FP-11/D10
735,PGPD2-5,F04-4FA-10B/N71
736,PGPD2-5,F03-4FA-12/N71
737,PGPD2-5,F03-4FAC-07/N104
738,PGPD2-5,F04-3FTC-05/N104
739,PGPD2-5,F03-3F-REP/N84
740,PGPD2-5,F04-4FAC-08B/D20
741,PGPD2-5,F04-4FA-04B/N71
742,PGPD2-5,F04-4FGC-07/N104
743,PGPD2-5,F04-3FP-11/N104
744,PGPD2-5,F03-3FTS-07/D20
745,PGPD2-5,F04-4FHC-04/N84
746,PGPD2-5,F04-3FT-08/N71
747,PGPD2-5,F04-3FP-12/N104
748,PGPD2-5,F03-4FHS-03/N104
749,PGPD2-5,F03-1F-IQC/D20
750,PGPD2-5,F04-4FA-09B/N71
751,PGPD2-5,F04-3FT-CA/D10
752,PGPD2-5,F04-4FA-13/N71
753,PGPD2-5,F04-4FAC-07/N104
754,PGPD2-5,F03-3FP-06/N104
755,PGPD2-5,F03-4FAC-08B/D20
756,PGPD2-5,F04-4FAC-04B/D10
757,PGPD2-5,F03-4FA-OT/N84
758,PGPD2-5,F03-4FA-04B/N71
759,PGPD2-5,F04-4FA-05/N61
760,PGPD2-5,F04-4FHS-04/N104
761,PGPD2-5,F03-3FTC-03/N104
762,PGPD2-5,F03-3FT-15/N71
763,PGPD2-5,F04-3F-RD02/D20
764,PGPD2-5,F03-4FA-11B/N71
765,PGPD2-5,F03-4FGC-06/N104
766,PGPD2-5,F04-3FP-02/N104
767,PGPD2-5,F03-3FTC-06/D20
768,PGPD2-5,F04-3FP-03/D10
769,PGPD2-5,F04-4FA-15/N71
770,PGPD2-5,F03-4FA-11/N71
771,PGPD2-5,F03-4FAC-06/N104
772,PGPD2-5,F04-3FTC-04/N104
773,PGPD2-5,F03-4FHC-05/N84
774,PGPD2-5,F04-4FAC-03B/D20
775,PGPD2-5,F04-4FA-03B/N71
776,PGPD2-5,F04-4FGC-05/N104
777,PGPD2-5,F04-3FP-10/N104
778,PGPD2-5,F04-2FA-03B/D20
779,PGPD2-5,F04-4FAC-09B/D10
780,PGPD2-5,F04-3F-REP02/N84
781,PGPD2-5,F04-3FT-07/N71
782,PGPD2-5,F04-3FTC-06/N104
783,PGPD2-5,F03-4FHS-01/N104
784,PGPD2-5,F04-1F-RD01/D20
785,PGPD2-5,F04-4FA-07B/N71
786,PGPD2-5,F04-4FAS-01B/D10
787,PGPD2-5,F04-4FA-08/N71
788,PGPD2-5,F04-4FAC-05/N104
789,PGPD2-5,F03-3FP-05/N104
790,PGPD2-5,F03-4FAC-03/D20
791,PGPD2-5,F03-4FAC-03B/D10
792,PGPD2-5,F03-3FR-03/N84
793,PGPD2-5,F04-3FT-14/N71
794,PGPD2-5,F04-3FT-02/N61
795,PGPD2-5,F04-4FHS-01/N104
796,PGPD2-5,F03-3FP-15/N104
797,PGPD2-5,F03-3FT-03/N71
798,PGPD2-5,F04-2FA-01B/D20
799,PGPD2-5,F03-4FA-10B/N71
800,PGPD2-5,F03-4FGC-04/N104
801,PGPD2-5,F04-3FP-01/N104
802,PGPD2-5,F03-3FR-01/D20
803,PGPD2-5,F04-2FA-06B/D10
804,PGPD2-5,F04-4FA-07/N71
805,PGPD2-5,F03-4FA-07/N71
806,PGPD2-5,F03-4FAC-04/N104
807,PGPD2-5,F04-3FTC-03/N104
808,PGPD2-5,F03-4FHC-03/N84
809,PGPD2-5,F04-4FAC-02B/D20
810,PGPD2-5,F04-4FA-02B/N71
811,PGPD2-5,F04-4FGC-03/N104
812,PGPD2-5,F04-3FP-09/N104
813,PGPD2-5,F04-4FAS-01B/D20
814,PGPD2-5,F04-3FR-01B/D10
815,PGPD2-5,F03-3FT-REP/N71
816,PGPD2-5,F04-4FA-01/N71
817,PGPD2-5,F04-3FR-04/N104
818,PGPD2-5,F03-3FP-01/N104
819,PGPD2-5,F04-2FR-01/N84
820,PGPD2-5,F04-4FA-OT/D20
821,PGPD2-5,F04-3F-RD/N71
822,PGPD2-5,F03-3F-RD01/N104
823,PGPD2-5,F03-4FHC-07/N104
824,PGPD2-5,F03-3FR-05/D20
825,PGPD2-5,F04-3FR-02B/N71
826,PGPD2-5,F04-4FAC-02B/D10
827,PGPD2-5,F04-4FA-05/N71
828,PGPD2-5,F04-4FAC-03/N104
829,PGPD2-5,F03-3FP-04/N104
830,PGPD2-5,F03-4FA-OT/D20
831,PGPD2-5,F04-4FHC-08/N84
832,PGPD2-5,F04-3FT-12/N71
833,PGPD2-5,F04-3FR-09/N104
834,PGPD2-5,F04-4FHC-07/N104
835,PGPD2-5,F03-3F-REP/N104
836,PGPD2-5,F04-3FT-CA/N71
837,PGPD2-5,F03-2FA-01B/D20
838,PGPD2-5,F03-4FA-08B/N71
839,PGPD2-5,F03-4FGC-02/N104
840,PGPD2-5,F03-3FP-12/N104
841,PGPD2-5,F04-3FR-02/D20
842,PGPD2-5,F03-3FTC-06/D10
843,PGPD2-5,F04-4FA-06/N71
844,PGPD2-5,F03-4FA-06/N71
845,PGPD2-5,F03-4FAC-02/N104
846,PGPD2-5,F04-3F-REP/N104
847,PGPD2-5,F04-3F-REP/N84
848,PGPD2-5,F04-2FR-02B/D20
849,PGPD2-5,F04-4FA-01B/N71
850,PGPD2-5,F04-4FGC-02/N104
851,PGPD2-5,F04-3FP-08/N104
852,PGPD2-5,F03-4FAS-01B/D20
853,PGPD2-5,F03-4FAC-05B/D10
854,PGPD3-5,F05-2FA-42A/D10
855,PGPD3-5,F05-3F-FD/N71
856,PGPD3-5,F05-2FA-25A/D10
857,PGPD3-5,F04-3FT-01/N61
858,PGPD3-5,F05-3FP-01/N104
859,PGPD3-5,F06-2FPAM-11/N84
860,PGPD3-5,F05-4FAS-03B/D20
861,PGPD3-5,F05-3FT-CA/N71
862,PGPD3-5,F05-3F-REP/D10
863,PGPD3-5,F05-4FA-03B/N61
864,PGPD3-5,F05-2FGC-05/N104
865,PGPD3-5,F05-4FA-03A/D20
866,PGPD3-5,F05-4F-FD/D10
867,PGPD3-5,F05-2FA-28A/D10
868,PGPD3-5,F07-3FHC-08/N84
869,PGPD3-5,F05-3FT-REP/N71
870,PGPD3-5,F05-4FA-02/N61
871,PGPD3-5,F06-2FPAM-15/N104
872,PGPD3-5,F07-2FTC-06/N84
873,PGPD3-5,F05-3FTC-04/D20
874,PGPD3-5,F05-4FA-17A/N71
875,PGPD3-5,F05-2FA-29A/D10
876,PGPD3-5,F05-2FA-08A/N61
877,PGPD3-5,F06-2F-RD01/N104
878,PGPD3-5,F05-2FTC-05/N104
879,PGPD3-5,F07-3F-RD02/D10
880,PGPD3-5,F05-3FA-11/D10
881,PGPD3-5,F05-2FCG-35/N84
882,PGPD3-5,F05-4FA-11A/N71
883,PGPD3-5,F04-4FA-04/N61
884,PGPD3-5,F06-2FPAM-23/N104
885,PGPD3-5,F05-2FR-01/N84
886,PGPD3-5,F05-2F-REP/D20
887,PGPD3-5,F07-2FP-09/N84
888,PGPD3-5,F07-2FA-01B/D10
889,PGPD3-5,F05-3FA-03B/N71
890,PGPD3-5,F07-2FP-03/D10
891,PGPD3-5,F05-3F-RD02/N104
892,PGPD3-5,F05-1FP-02/N104
893,PGPD3-5,F05-2FR-02A/D20
894,PGPD3-5,F07-3FAC-03/D10
895,PGPD3-5,F07-3FHS-01/N84
896,PGPD3-5,F05-4F-CA/N71
897,PGPD3-5,F04-4FA-04B/N61
898,PGPD3-5,F05-4FHS-01/N104
899,PGPD3-5,F07-3FHC-04/N84
900,PGPD3-5,F05-2FA-OT/D20
901,PGPD3-5,F06-2FPAM-10/N84
902,PGPD3-5,F05-3F-QE/N104
903,PGPD3-5,F06-2FPAM-04/N84
904,PGPD3-5,F05-3FAC-04B/D20
905,PGPD3-5,F05-4FT-REP/N71
906,PGPD3-5,F07-3FAS-01/D10
907,PGPD3-5,F05-4FA-01B/N61
908,PGPD3-5,F05-2FAC-05/N104
909,PGPD3-5,F05-4FA-01A/D20
910,PGPD3-5,F07-2FTS-02/D10
911,PGPD3-5,F05-2FA-27A/D10
912,PGPD3-5,F07-3FHC-07/N84
913,PGPD3-5,F05-3FT-02/N71
914,PGPD3-5,F04-3FR-02/N61
915,PGPD3-5,F06-2FPAM-14/N104
916,PGPD3-5,F07-2FTC-05/N84
917,PGPD3-5,F05-3FAC-04/D20
918,PGPD3-5,F05-2FR-02A/N71
919,PGPD3-5,F05-2FA-20A/D10
920,PGPD3-5,F05-2FA-03A/N61
921,PGPD3-5,F05-3FR-06/N104
922,PGPD3-5,F05-3FR-01B/D20
923,PGPD3-5,F05-4F-IQC/D10
924,PGPD3-5,F05-4FA-18A/D10
925,PGPD3-5,F05-2FCG-34/N84
926,PGPD3-5,F05-4FA-07A/N71
927,PGPD3-5,F04-4FA-03/N61
928,PGPD3-5,F06-2FPAM-22/N104
929,PGPD3-5,F05-2FCG-32/N84
930,PGPD3-5,F05-4FA-43A/D20
931,PGPD3-5,F05-3F-QE/N84
932,PGPD3-5,F05-3FA-12/D10
933,PGPD3-5,F05-4FA-01/N71
934,PGPD3-5,F07-2FP-02/D10
935,PGPD3-5,F05-4FGS-02/N104
936,PGPD3-5,F05-3F-CA/N104
937,PGPD3-5,F05-2FA-52A/D20
938,PGPD3-5,F05-3FA-01/D10
939,PGPD3-5,F07-2FA-OT/N84
940,PGPD3-5,F05-4FA-18A/N71
941,PGPD3-5,F04-4FA-03B/N61
942,PGPD3-5,F05-3FR-02/N104
943,PGPD3-5,F07-2FP-13/N84
944,PGPD3-5,F05-2FA-31A/D20
945,PGPD3-5,F06-2FPAM-09/N84
946,PGPD3-5,F05-4FA-08A/D10
947,PGPD3-5,F05-4F-FD/N71
948,PGPD3-5,F05-2FA-23A/D10
949,PGPD3-5,F04-3FT-CA/N61
950,PGPD3-5,F07-3FHC-06/N84
951,PGPD3-5,F05-4FT-01/N71
952,PGPD3-5,F05-2FA-04A/N61
953,PGPD3-5,F05-3FP-07/N104
954,PGPD3-5,F07-3FR-04/N84
955,PGPD3-5,F07-3FR-02B/D20
956,PGPD3-5,F05-2FA-27A/N71
957,PGPD3-5,F05-2FA-19A/D10
958,PGPD3-5,F05-3FA-04A/N61
959,PGPD3-5,F05-4FAS-02/N104
960,PGPD3-5,F05-4FP-01/D20
961,PGPD3-5,F07-1F-IQC/D10
962,PGPD3-5,F05-4FA-17A/D10
963,PGPD3-5,F05-2FCG-33/N84
964,PGPD3-5,F05-4FA-06A/N71
965,PGPD3-5,F04-4FA-02/N61
966,PGPD3-5,F06-2FPAM-21/N104
967,PGPD3-5,F05-2F-REP/N84
968,PGPD3-5,F05-3F-REP/D20
969,PGPD3-5,F06-1F-CA/N84
970,PGPD3-5,F07-3FA-OT/D10
971,PGPD3-5,F05-2FT-REL/N71
972,PGPD3-5,F05-3FT-QE/D10
973,PGPD3-5,F05-3FGC-04/N104
974,PGPD3-5,F05-4FTS-02/N104
975,PGPD3-5,F05-2FA-42A/D20
976,PGPD3-5,F07-3FR-01B/D10
977,PGPD3-5,F07-3F-REP/N84
978,PGPD3-5,F05-2FA-35A/N71
979,PGPD3-5,F04-4FA-02B/N61
980,PGPD3-5,F05-3FHC-04/N104
981,PGPD3-5,F07-1F-IQC/N84
982,PGPD3-5,F05-1FP-03/D20
983,PGPD3-5,F06-2FPAM-08/N84
984,PGPD3-5,F05-3FP-03/D10
985,PGPD3-5,F05-3FT-07/N71
986,PGPD3-5,F05-2FA-22A/D10
987,PGPD3-5,F05-3FR-07/N104
988,PGPD3-5,F05-1FP-10/N104
989,PGPD3-5,F05-4FA-02A/D20
990,PGPD3-5,F05-3FR-02/D10
991,PGPD3-5,F07-3FHC-05/N84
992,PGPD3-5,F05-4FA-01B/N71
993,PGPD3-5,F04-3FT-REP/N61
994,PGPD3-5,F05-3FP-06/N104
995,PGPD3-5,F07-3FR-03/N84
996,PGPD3-5,F07-3FR-01B/D20
997,PGPD3-5,F05-4F-IQC/N71
998,PGPD3-5,F07-3FT-REP/D10
999,PGPD3-5,F05-2FA-02A/N61
1000,PGPD3-5,F05-4FAS-01/N104
1001,PGPD3-5,F05-3F-QE/D20
1002,PGPD3-5,F05-3FP-05/D10
1003,PGPD3-5,F05-2FR-01A/D10
1004,PGPD3-5,F05-2FCG-31/N84
1005,PGPD3-5,F05-4FA-02A/N71
1006,PGPD3-5,F04-4FA-01/N61
1007,PGPD3-5,F06-2FPAM-20/N104
1008,PGPD3-5,F03-1F-IQC/N84
1009,PGPD3-5,F03-1F-IQC/D20
1010,PGPD3-5,F07-2F-CA/N84
1011,PGPD3-5,F05-4FA-15A/D10
1012,PGPD3-5,F05-3FT-QE/N61
1013,PGPD3-5,F07-2FT-CA/D10
1014,PGPD3-5,F05-3FGC-03/N104
1015,PGPD3-5,F05-4FTS-01/N104
1016,PGPD3-5,F05-2FA-33A/D20
1017,PGPD3-5,F07-3FAS-02B/D10
1018,PGPD3-5,F05-3FCG-14/N84
1019,PGPD3-5,F05-3FA-07/N71
1020,PGPD3-5,F04-4FA-01B/N61
1021,PGPD3-5,F05-3FHC-03/N104
1022,PGPD3-5,F07-2FP-12/N84
1023,PGPD3-5,F05-1FP-01/D20
1024,PGPD3-5,F06-2FPAM-06/N84
1025,PGPD3-5,F05-2FA-OT/D10
1026,PGPD3-5,F05-3FT-06/N71
1027,PGPD3-5,F05-2FA-21A/D10
1028,PGPD3-5,F05-2F-REP/N104
1029,PGPD3-5,F05-1FP-08/N104
1030,PGPD3-5,F05-3FA-21A/D20
1031,PGPD3-5,F07-3FR-02/D10
1032,PGPD3-5,F07-3FHC-03/N84
1033,PGPD3-5,F05-3FA-07B/N71
1034,PGPD3-5,F04-3FT-05/N61
1035,PGPD3-5,F05-3FP-05/N104
1036,PGPD3-5,F07-3FAC-08/N84
1037,PGPD3-5,F05-3FA-05A/D20
1038,PGPD3-5,F05-3FA-06B/N71
1039,PGPD3-5,F07-2FTS-01/D10
1040,PGPD3-5,F05-4FA-51A/N61
1041,PGPD3-5,F05-3FR-03/N104
1042,PGPD3-5,F05-2FA-26A/D20
1043,PGPD3-5,F07-2FP-13/D10
1044,PGPD3-5,F05-2FA-39A/D10
1045,PGPD3-5,F05-2FCG-30/N84
1046,PGPD3-5,F05-3FA-50A/N71
1047,PGPD3-5,F05-3FT-REP/N61
1048,PGPD3-5,F06-2FPAM-19/N104
1049,PGPD3-5,F07-3F-REP02/N84
1050,PGPD3-5,F02-1F-REL/D20
1051,PGPD3-5,F05-4FP-01/N71
1052,PGPD3-5,F05-4FA-13A/D10
1053,PGPD3-5,F05-3FT-CA/N61
1054,PGPD3-5,F05-2FT-REL/D10
1055,PGPD3-5,F05-3F-OT/N104
1056,PGPD3-5,F05-3FTC-04/N104
1057,PGPD3-5,F05-2FA-30A/D20
1058,PGPD3-5,F07-3FAS-01B/D10
1059,PGPD3-5,F05-3FCG-13/N84
1060,PGPD3-5,F05-3FA-06/N71
1061,PGPD3-5,F05-4FT-REP/N61
1062,PGPD3-5,F05-2FHC-05/N104
1063,PGPD3-5,F07-2FP-01/N84
1064,PGPD3-5,F07-1F-IQC/D20
1065,PGPD3-5,F06-2FPAM-03/N84
1066,PGPD3-5,F05-3FHS-02/D10
1067,PGPD3-5,F05-3FT-05/N71
1068,PGPD3-5,F07-2FP-07/D10
1069,PGPD3-5,F06-1F-CA/N104
1070,PGPD3-5,F05-1FP-07/N104
1071,PGPD3-5,F05-3FA-10A/D20
1072,PGPD3-5,F07-3FR-01/D10
1073,PGPD3-5,F07-3FR-09/N84
1074,PGPD3-5,F07-2FH-02/N84
1075,PGPD3-5,F05-4FA-02/N71
1076,PGPD3-5,F04-3FT-04/N61
1077,PGPD3-5,F05-3FP-04/N104
1078,PGPD3-5,F07-3FAC-07/N84
1079,PGPD3-5,F05-3FA-04A/D20
1080,PGPD3-5,F05-3FA-04B/N71
1081,PGPD3-5,F07-2FTC-04/D10
1082,PGPD3-5,F05-1FA-20A/N61
1083,PGPD3-5,F05-3FR-01/N104
1084,PGPD3-5,F05-2FA-24A/D20
1085,PGPD3-5,F05-3FT-REP/D10
1086,PGPD3-5,F05-2FA-38A/D10
1087,PGPD3-5,F05-2FA-OT/N84
1088,PGPD3-5,F05-2FA-29A/N71
1089,PGPD3-5,F05-2FA-10A/N61
1090,PGPD3-5,F06-2FPAM-18/N104
1091,PGPD3-5,F07-2F-RD01/N84
1092,PGPD3-5,F05-3F-RD01/D20
1093,PGPD3-5,F05-3FT-QE/N71
1094,PGPD3-5,F05-4FA-12A/D10
1095,PGPD3-5,F05-3FA-01A/N61
1096,PGPD3-5,F05-2FR-01/N104
1097,PGPD3-5,F05-3FTC-03/N104
1098,PGPD3-5,F05-3FP-12/D20
1099,PGPD3-5,F07-3FAC-05B/D10
1100,PGPD3-5,F05-2FCG-38/N84
1101,PGPD3-5,F05-4FA-14A/N71
1102,PGPD3-5,F05-4FT-FlightDeck/N61
1103,PGPD3-5,F06-2FPAM-26/N104
1104,PGPD3-5,F05-3F-REP/N84
1105,PGPD3-5,F05-4F-IQC/D20
1106,PGPD3-5,F06-2FPAM-02/N84
1107,PGPD3-5,F07-2FP-15/D10
1108,PGPD3-5,F05-3FT-04/N71
1109,PGPD3-5,F07-2FP-06/D10
1110,PGPD3-5,F05-1FP-03/N104
1111,PGPD3-5,F05-1FP-06/N104
1112,PGPD3-5,F05-3FA-08A/D20
1113,PGPD3-5,F07-3FAS-02/D10
1114,PGPD3-5,F07-3FR-08/N84
1115,PGPD3-5,F06-2FPAM-13/N84
1116,PGPD3-5,F05-3FA-05/N71
1117,PGPD3-5,F04-3FT-03/N61
1118,PGPD3-5,F05-3FP-03/N104
1119,PGPD3-5,F07-3FAC-06/N84
1120,PGPD3-5,F05-2FA-32A/D20
1121,PGPD3-5,F05-4FA-02B/N71
1122,PGPD3-5,F07-2FTC-03/D10
1123,PGPD3-5,F04-3FR-02B/N61
1124,PGPD3-5,F05-3FAC-04/N104
1125,PGPD3-5,F05-4FAS-01B/D20
1126,PGPD3-5,F07-3FR-03/D10
1127,PGPD3-5,F05-2FA-37A/D10
1128,PGPD3-5,F07-2FH-01/N84
1129,PGPD3-5,F05-2FA-26A/N71
1130,PGPD3-5,F04-3FR-01B/N61
1131,PGPD3-5,F06-2FPAM-17/N104
1132,PGPD3-5,F06-2FPAM-07/N84
1133,PGPD3-5,F07-3F-RD02/D20
1134,PGPD3-5,F04-4FA-05/N71
1135,PGPD3-5,F05-4FA-07A/D10
1136,PGPD3-5,F05-3FT-01/N61
1137,PGPD3-5,F05-4FPAM-01/N104
1138,PGPD3-5,F05-3F-REP/N104
1139,PGPD3-5,F05-3FP-11/D10
1140,PGPD3-5,F07-3FAC-04B/D10
1141,PGPD3-5,F05-2FCG-37/N84
1142,PGPD3-5,F05-4FA-13A/N71
1143,PGPD3-5,F05-2FA-06A/N61
1144,PGPD3-5,F06-2FPAM-25/N104
1145,PGPD3-5,F07-2FP-14/N84
1146,PGPD3-5,F05-4FAS-05B/D20
1147,PGPD3-5,F07-2FP-11/N84
1148,PGPD3-5,F07-2FP-08/D10
1149,PGPD3-5,F05-3FT-03/N71
1150,PGPD3-5,F07-2FP-05/D10
1151,PGPD3-5,F05-1FP-01/N104
1152,PGPD3-5,F05-1FP-05/N104
1153,PGPD3-5,F05-3FA-06A/D20
1154,PGPD3-5,F07-3FAC-05/D10
1155,PGPD3-5,F05-4FHS-02/N104
1156,PGPD3-5,F05-3FCG-16/N84
1157,PGPD3-5,F05-3FA-07A/D20
1158,PGPD3-5,F06-2FPAM-12/N84
1159,PGPD3-5,F05-4FA-11A/D10
1160,PGPD3-5,F05-3FA-04/N71
1161,PGPD3-5,F05-2FA-26A/D10
1162,PGPD3-5,F04-3FT-02/N61
1163,PGPD3-5,F05-3FP-02/N104
1164,PGPD3-5,F07-3FAC-03/N84
1165,PGPD3-5,F05-2FA-22A/D20
1166,PGPD3-5,F05-3FA-05B/N71
1167,PGPD3-5,F05-3FT-01/D10
1168,PGPD3-5,F05-4FA-11B/N61
1169,PGPD3-5,F05-3FAC-03/N104
1170,PGPD3-5,F07-1F-RD04/D20
1171,PGPD3-5,F07-2F-RD01/D10
1172,PGPD3-5,F05-2FA-36A/D10
1173,PGPD3-5,F07-3FR-01/N84
1174,PGPD3-5,F05-2FA-23A/N71
1175,PGPD3-5,F05-4FA-11/N61
1176,PGPD3-5,F06-2FPAM-16/N104
1177,PGPD3-5,F06-2FPAM-05/N84
1178,PGPD3-5,F05-2FT-REL/D20
1179,PGPD3-5,F05-2FA-31A/N71
1180,PGPD3-5,F05-2FR-03/D10
1181,PGPD3-5,F05-2FA-09A/N61
1182,PGPD3-5,F05-1FP-09/N104
1183,PGPD3-5,F05-3F-RD01/N104
1184,PGPD3-5,F07-3FAC-06/D10
1185,PGPD3-5,F07-3FAC-03B/D10
1186,PGPD3-5,F05-2FCG-36/N84
1187,PGPD3-5,F05-4FA-12A/N71
1188,PGPD3-5,F04-4FA-05/N61
1189,PGPD3-5,F06-2FPAM-24/N104
1190,PGPD3-5,F05-3F-REP02/N84
1191,PGPD3-5,F05-4F-FD/D20
1192,PGPD3-5,F07-2FP-10/N84
1193,PGPD3-5,F07-2FP-01/D10
1194,PGPD3-5,F05-3FA-01M/N71
1195,PGPD3-5,F07-2FP-04/D10
1196,PGPD3-5,F05-4FGS-01/N104
1197,PGPD3-5,F05-1FP-04/N104
1198,PGPD3-5,F05-2FR-03A/D20
1199,PGPD3-5,F07-3FAC-04/D10
1200,PGPD3-5,F06-2FPAM-01/N84
1201,PGPD3-5,F05-3FA-03/N71
1202,PGPD3-5,F04-4FA-05B/N61
1203,PGPD3-6,J01-3FAP-14/N104
1204,PGPD3-6,F01-3FRF-04A/D20
1205,PGPD3-6,F02-4FRF-11/D10
1206,PGPD3-6,F01-4FARF-22/N84
1207,PGPD3-6,F03-3FT-13/N71
1208,PGPD3-6,F03-3FT-01/N71
1209,PGPD3-6,F07-2FT-01/N71
1210,PGPD3-6,F07-2FP-07/N71
1211,PGPD3-6,J01-1FAP-07/N84
1212,PGPD3-6,F01-4FARF-04/N104
1213,PGPD3-6,F01-4F-REP01/N71
1214,PGPD3-6,F02-4FRF-02/N104
1215,PGPD3-6,F05-2FA-36A/N71
1216,PGPD3-6,F01-1FAAP-52/D20
1217,PGPD3-6,F05-3FR-01B/N71
1218,PGPD3-6,F01-4FAP-12/D10
1219,PGPD3-6,F02-1F-IQC/N61
1220,PGPD3-6,F01-1FAP-22/N104
1221,PGPD3-6,F01-3FAP-09/D20
1222,PGPD3-6,F02-4FAP-12/D10
1223,PGPD3-6,F01-3FAP-06/N84
1224,PGPD3-6,F01-3FAP-07A/N71
1225,PGPD3-6,F01-3FRF-15/N71
1226,PGPD3-6,F07-2FT-09/N71
1227,PGPD3-6,F05-3FA-07/N71
1228,PGPD3-6,F01-3FRF-06/N84
1229,PGPD3-6,F01-4FAP-02/N104
1230,PGPD3-6,F03-4FA-12B/N71
1231,PGPD3-6,F01-4FRF-04/N104
1232,PGPD3-6,F05-4FA-07A/N71
1233,PGPD3-6,F01-1FAAP-60/D20
1234,PGPD3-6,F01-4FRF-01B/T166
1235,PGPD3-6,F07-3FA-06B/N71
1236,PGPD3-6,F01-4F-REP02/D10
1237,PGPD3-6,F05-4F-CA/N71
1238,PGPD3-6,J01-1FAP-05/N104
1239,PGPD3-6,F01-1FAP-08A/D20
1240,PGPD3-6,F01-3FAP-07A/D10
1241,PGPD3-6,J01-3FAP-04/N84
1242,PGPD3-6,F05-3FT-21/N71
1243,PGPD3-6,F02-3F-REP01/N71
1244,PGPD3-6,F05-2FA-25A/N71
1245,PGPD3-6,F07-3FA-05/N71
1246,PGPD3-6,F01-1F-REP03/N84
1247,PGPD3-6,F02-4FAP-04/N104
1248,PGPD3-6,F05-4F-IQC/N71
1249,PGPD3-6,J01-3FAP-11/N104
1250,PGPD3-6,F05-4FA-15A/N71
1251,PGPD3-6,F01-1FRF-01/D20
1252,PGPD3-6,F02-4F-REP01/T363
1253,PGPD3-6,F05-3FT-05/N71
1254,PGPD3-6,F02-4FRF-08/D10
1255,PGPD3-6,F05-3FP-06/N71
1256,PGPD3-6,F01-3FRF-01/N84
1257,PGPD3-6,F01-1FAP-14/N104
1258,PGPD3-6,F02-4F-REP01/N71
1259,PGPD3-6,F01-4FARF-15/N104
1260,PGPD3-6,F05-2FA-28A/N71
1261,PGPD3-6,F01-4FRF-09A/D10
1262,PGPD3-6,F07-3FA-08/N71
1263,PGPD3-6,F01-1F-REP/N104
1264,PGPD3-6,F02-4FRF-10/D10
1265,PGPD3-6,F01-4FARF-11/N84
1266,PGPD3-6,F03-4FA-15/N71
1267,PGPD3-6,F01-1F-REP/N71
1268,PGPD3-6,F05-4FT-REP/N71
1269,PGPD3-6,F07-2FP-06/N71
1270,PGPD3-6,J01-1FAP-06/N84
1271,PGPD3-6,F01-4FARF-03/N104
1272,PGPD3-6,F01-3FAP-12/N71
1273,PGPD3-6,F02-4FRF-01/N104
1274,PGPD3-6,F05-2FA-35A/N71
1275,PGPD3-6,F01-1FAAP-49/D20
1276,PGPD3-6,F05-3FA-07B/N71
1277,PGPD3-6,F01-4FAP-11/D10
1278,PGPD3-6,F01-4F-REP01/N61
1279,PGPD3-6,F01-1FAP-21/N104
1280,PGPD3-6,F01-3FAP-08/D20
1281,PGPD3-6,F02-4FAP-11/D10
1282,PGPD3-6,F01-3FAP-05/N84
1283,PGPD3-6,F01-3FAP-06A/N71
1284,PGPD3-6,F01-3FRF-14/N71
1285,PGPD3-6,F07-2FT-08/N71
1286,PGPD3-6,F05-3FA-06/N71
1287,PGPD3-6,F01-3FRF-03/N84
1288,PGPD3-6,F01-4FAP-01/N104
1289,PGPD3-6,F03-4FA-06B/N71
1290,PGPD3-6,F01-4FRF-03/N104
1291,PGPD3-6,F05-4FA-05A/N71
1292,PGPD3-6,F01-1FAAP-44/D20
1293,PGPD3-6,J01-3FAP-20/N84
1294,PGPD3-6,F07-3FA-05B/N71
1295,PGPD3-6,F01-3FRF-12/D10
1296,PGPD3-6,F05-3FT-CA/N71
1297,PGPD3-6,J01-1FAP-04/N104
1298,PGPD3-6,F01-1FAP-06A/D20
1299,PGPD3-6,F01-3FAP-05A/D10
1300,PGPD3-6,F01-1F-REP02/N84
1301,PGPD3-6,F03-4FA-04/N71
1302,PGPD3-6,F02-3F-FD/N71
1303,PGPD3-6,F05-2FA-24A/N71
1304,PGPD3-6,F07-3FA-04/N71
1305,PGPD3-6,F01-1F-REP04/N84
1306,PGPD3-6,F02-4FAP-03/N104
1307,PGPD3-6,F04-1F-IQC/N71
1308,PGPD3-6,J01-3FAP-10/N104
1309,PGPD3-6,F05-4FA-14A/N71
1310,PGPD3-6,F01-1F-REP03/D20
1311,PGPD3-6,F04-4F-RF
1312,PGPD3-6,F05-3FT-04/N71
1313,PGPD3-6,F02-4F-REP01/D10
1314,PGPD3-6,F05-3FP-05/N71
1315,PGPD3-6,F01-1FRF-01/N84
1316,PGPD3-6,F01-1FAP-13/N104
1317,PGPD3-6,F02-4F-RD/N71
1318,PGPD3-6,F01-4FARF-14/N104
1319,PGPD3-6,F05-2FA-27A/N71
1320,PGPD3-6,F01-4FRF-05A/D10
1321,PGPD3-6,F07-3FA-07/N71
1322,PGPD3-6,F02-1F-IQC/N104
1323,PGPD3-6,J01-3FAP-13/N104
1324,PGPD3-6,F01-3FRF-01A/D20
1325,PGPD3-6,F01-4FARF-10/N84
1326,PGPD3-6,F03-4FA-14/N71
1327,PGPD3-6,F03-3FT-02/N71
1328,PGPD3-6,F05-4FT-02/N71
1329,PGPD3-6,F07-2FP-05/N71
1330,PGPD3-6,F01-1FAP-10/N84
1331,PGPD3-6,F01-4FARF-02/N104
1332,PGPD3-6,F01-3FAP-11/N71
1333,PGPD3-6,F01-4FARF-21/N104
1334,PGPD3-6,F05-2FA-34A/N71
1335,PGPD3-6,F01-1FAAP-42/D20
1336,PGPD3-6,F05-3FA-06B/N71
1337,PGPD3-6,F01-3FAP-11B/D10
1338,PGPD3-6,F01-3FRF-18/N61
1339,PGPD3-6,F01-1FAP-20/N104
1340,PGPD3-6,F01-3FRF-03A/D20
1341,PGPD3-6,F01-3FAP-10/D10
1342,PGPD3-6,F01-3FAP-04/N84
1343,PGPD3-6,F01-3FAP-05A/N71
1344,PGPD3-6,F01-3FRF-13/N71
1345,PGPD3-6,F07-2FT-07/N71
1346,PGPD3-6,F05-3FA-05/N71
1347,PGPD3-6,F01-1FRF-02/N84
1348,PGPD3-6,F02-4F-REP01/N104
1349,PGPD3-6,F03-4FA-05B/N71
1350,PGPD3-6,F01-4FRF-02/N104
1351,PGPD3-6,F05-2FR-01A/N71
1352,PGPD3-6,F01-1FAAP-40/D20
1353,PGPD3-6,F07-3FA-04B/N71
1354,PGPD3-6,F01-3FRF-02/D10
1355,PGPD3-6,F05-2FT-REL/N71
1356,PGPD3-6,J01-1FAP-03/N104
1357,PGPD3-6,F01-1FAP-04A/D20
1358,PGPD3-6,F01-3FAP-02A/D10
1359,PGPD3-6,F01-4FARF-24/N84
1360,PGPD3-6,J01-3FAP-07/N71
1361,PGPD3-6,F01-4FRF-10A/N71
1362,PGPD3-6,F05-2FA-23A/N71
1363,PGPD3-6,F07-3FA-03/N71
1364,PGPD3-6,F02-3F-RD01/N84
1365,PGPD3-6,F02-4FAP-02/N104
1366,PGPD3-6,F03-1F-IQC/N71
1367,PGPD3-6,F02-4FRF-07/N104
1368,PGPD3-6,F05-4FA-13A/N71
1369,PGPD3-6,F01-1F-REP02/D20
1370,PGPD3-6,F02-4F-REP01
1371,PGPD3-6,F05-3FT-03/N71
1372,PGPD3-6,F02-3FRF-03/D10
1373,PGPD3-6,F05-3FP-04/N71
1374,PGPD3-6,F01-1FAP-12/N104
1375,PGPD3-6,F01-4FARF-13/N104
1376,PGPD3-6,F02-3F-REP02/D10
1377,PGPD3-6,F01-3FARF-27/N84
1378,PGPD3-6,F03-4FA-13/N71
1379,PGPD3-6,F03-4FA-02/N71
1380,PGPD3-6,F05-4FT-01/N71
1381,PGPD3-6,F07-2FP-04/N71
1382,PGPD3-6,F01-1FAP-09/N84
1383,PGPD3-6,F01-4FARF-01/N104
1384,PGPD3-6,F05-3FT-RF/N71
1385,PGPD3-6,F01-4FARF-20/N104
1386,PGPD3-6,F05-2FA-33A/N71
1387,PGPD3-6,F01-1FAAP-41/D20
1388,PGPD3-6,F05-3FA-05B/N71
1389,PGPD3-6,F01-3FAP-07B/D10
1390,PGPD3-6,F01-3FRF-17/N61
1391,PGPD3-6,F01-1FAP-19/N104
1392,PGPD3-6,F02-4FRF-07/D20
1393,PGPD3-6,F01-3FAP-07/D10
1394,PGPD3-6,F01-3FAP-03/N84
1395,PGPD3-6,F01-3FAP-02A/N71
1396,PGPD3-6,F01-3FRF-10/N71
1397,PGPD3-6,F07-2FT-06/N71
1398,PGPD3-6,F05-3FA-04/N71
1399,PGPD3-6,J01-1FAP-12/N84
1400,PGPD3-6,F01-4FARF-09/N104
1401,PGPD3-6,F03-4FA-04B/N71
1402,PGPD3-6,F01-4FRF-01/N104
1403,PGPD3-6,F05-2FA-41A/N71
1404,PGPD3-6,F01-4FAP-11/D20
1405,PGPD3-6,F07-3FA-03B/N71
1406,PGPD3-6,F01-3FARF-02/D10
1407,PGPD3-6,J01-3FAP-05/N61
1408,PGPD3-6,J01-1FAP-02/N104
1409,PGPD3-6,F01-1FAP-03A/D20
1410,PGPD3-6,J01-1FAP-12/D10
1411,PGPD3-6,F01-4FARF-23/N84
1412,PGPD3-6,F01-3FAP-12A/N71
1413,PGPD3-6,F01-4FRF-09A/N71
1414,PGPD3-6,F05-2FA-22A/N71
1415,PGPD3-6,F07-3FA-02/N71
1416,PGPD3-6,J01-3FAP-08/N84
1417,PGPD3-6,F02-4FAP-01/N104
1418,PGPD3-6,F07-2FP-01/N71
1419,PGPD3-6,F01-4FRF-09/N104
1420,PGPD3-6,F05-4FA-12A/N71
1421,PGPD3-6,F01-1FAAP-53/D20
1422,PGPD3-6,F07-2F-RF/T265
1423,PGPD3-6,F05-3FT-02/N71
1424,PGPD3-6,F02-3FRF-02/D10
1425,PGPD3-6,F05-3FP-03/N71
1426,PGPD3-6,F01-1FAP-11/N104
1427,PGPD3-6,F01-1FRF-08/N104
1428,PGPD3-6,J01-3FAP-06/D10
1429,PGPD3-6,F01-3FARF-25/N84
1430,PGPD3-6,F03-4FA-01/N71
1431,PGPD3-6,F03-3FT-09/N71
1432,PGPD3-6,F05-4F-FD/N71
1433,PGPD3-6,F07-2FP-03/N71
1434,PGPD3-6,F01-1FAP-08/N84
1435,PGPD3-6,F01-1FAP-18/N104
1436,PGPD3-6,F05-4FA-06A/N71
1437,PGPD3-6,F01-4FARF-19/N104
1438,PGPD3-6,F05-2FA-32A/N71
1439,PGPD3-6,F01-1FAAP-39/D20
1440,PGPD3-6,F05-3FA-04B/N71
1441,PGPD3-6,F01-3FAP-03B/D10
1442,PGPD3-6,F01-3FRF-14/N61
1443,PGPD3-6,J01-3FAP-18/N104
1444,PGPD3-6,F02-4F-REP01/D20
1445,PGPD3-6,F02-3F-REP01/D10
1446,PGPD3-6,F01-3FAP-02/N84
1447,PGPD3-6,F03-4FA-03/N71
1448,PGPD3-6,F01-3FRF-09/N71
1449,PGPD3-6,F07-2FT-05/N71
1450,PGPD3-6,F05-3FA-03/N71
1451,PGPD3-6,F01-1FAP-07/N84
1452,PGPD3-6,F01-4FARF-08/N104
1453,PGPD3-6,F03-4FA-03B/N71
1454,PGPD3-6,F02-4FRF-06/N104
1455,PGPD3-6,F05-2FA-40A/N71
1456,PGPD3-6,F01-4FAP-12/D20
1457,PGPD3-6,F07-3FA-02B/N71
1458,PGPD3-6,F01-1FRF-04/D10
1459,PGPD3-6,F01-3FAP-04A/N61
1460,PGPD3-6,J01-1FAP-01/N104
1461,PGPD3-6,F01-1FAP-02A/D20
1462,PGPD3-6,J01-1FAP-10/D10
1463,PGPD3-6,F02-1F-IQC
1464,PGPD3-6,F01-3FAP-11A/N71
1465,PGPD3-6,F01-4FRF-08A/N71
1466,PGPD3-6,F05-2FA-21A/N71
1467,PGPD3-6,F07-3FA-01/N71
1468,PGPD3-6,F01-1FAP-15/N84
1469,PGPD3-6,F01-4FAP-06/N104
1470,PGPD3-6,F05-4FP-01/N71
1471,PGPD3-6,F01-4FRF-08/N104
1472,PGPD3-6,F05-4FA-11A/N71
1473,PGPD3-6,F01-1FAAP-37/D20
1474,PGPD3-6,F01-3FRF-01/T265
1475,PGPD3-6,F05-3F-FD/N71
1476,PGPD3-6,F02-3FRF-01/D10
1477,PGPD3-6,F05-3FP-02/N71
1478,PGPD3-6,F01-1FAP-10/N104
1479,PGPD3-6,F01-1F-REP06/N104
1480,PGPD3-6,J01-3FAP-03/D10
1481,PGPD3-6,F05-4FA-18A/N71
1482,PGPD3-6,F04-4F-RF/T677
1483,PGPD3-6,F05-3FT-REP/N71
1484,PGPD3-6,F07-2FP-02/N71
1485,PGPD3-6,F01-1FAP-06/N84
1486,PGPD3-6,F01-1FAP-17/N104
1487,PGPD3-6,F05-2FR-02A/N71
1488,PGPD3-6,F01-4FARF-18/N104
1489,PGPD3-6,F05-2FA-31A/N71
1490,PGPD3-6,F01-1FAAP-31/D20
1491,PGPD3-6,F05-3FA-03B/N71
1492,PGPD3-6,F01-1FRF-01/N61
1493,PGPD3-6,J01-3FAP-17/N104
1494,PGPD3-6,F01-4FRF-08A/D20
1495,PGPD3-6,F01-4FRF-10A/D10
1496,PGPD3-6,F01-3FAP-01/N84
1497,PGPD3-6,F01-1F-REP01/N71
1498,PGPD3-6,F01-1FRF-02/N71
1499,PGPD3-6,F07-2FT-04/N71
1500,PGPD3-6,F05-4FA-02A/N71
1501,PGPD3-6,F01-4FRF-11/N84
1502,PGPD3-6,F01-4FARF-07/N104
1503,PGPD3-6,F03-3FT-12/N71
1504,PGPD3-6,F02-4FRF-05/N104
1505,PGPD3-6,F05-2FA-39A/N71
1506,PGPD3-6,F02-3F-RD01/D20
1507,PGPD3-6,F07-3FA-01B/N71
1508,PGPD3-6,F01-1FRF-03/D10
1509,PGPD3-6,F01-3FAP-03A/N61
1510,PGPD3-6,F01-1FAP-25/N104
1511,PGPD3-6,J01-1FAP-15/D20
1512,PGPD3-6,F02-3FT-REP/D10
1513,PGPD3-6,F01-4FAP-13/N84
1514,PGPD3-6,F01-3FAP-10A/N71
1515,PGPD3-6,F01-4FRF-06A/N71
1516,PGPD3-6,F05-2FA-20A/N71
1517,PGPD3-6,F05-4FA-02/N71
1518,PGPD3-6,F01-1FAP-14/N84
1519,PGPD3-6,F01-4FAP-05/N104
1520,PGPD3-6,F07-3FR-01B/N71
1521,PGPD3-6,F01-4FRF-07/N104
1522,PGPD3-6,F05-4FA-10A/N71
1523,PGPD3-6,F01-1FAAP-65/D20
1524,PGPD3-6,F04-4F-RF/T265
1525,PGPD3-6,F07-3FA-09B/N71
1526,PGPD3-6,F01-4FRF-13/D10
1527,PGPD3-6,F05-2F-RD01/N71
1528,PGPD3-6,J01-1FAP-10/N104
1529,PGPD3-6,F01-1F-REP05/N104
1530,PGPD3-6,F01-3FAP-11A/D10
1531,PGPD3-6,F01-3FARF-03/N84
1532,PGPD3-6,F05-3FA-50A/N71
1533,PGPD3-6,F02-4FRF-12/N84
1534,PGPD3-6,F01-1FAP-16/N104
1535,PGPD3-6,F05-2FA-42A/N71
1536,PGPD3-6,F01-4FARF-17/N104
1537,PGPD3-6,F05-2FA-30A/N71
1538,PGPD3-6,F01-1FAAP-29/D20
1539,PGPD3-6,F07-3FR-01/N71
1540,PGPD3-6,F01-1F-REP/N61
1541,PGPD3-6,J01-3FAP-16/N104
1542,PGPD3-6,F01-3FRF-07/D20
1543,PGPD3-6,F01-4FRF-08A/D10
1544,PGPD3-6,F01-1FRF-07/N84
1545,PGPD3-6,F05-4F-NED/N71
1546,PGPD3-6,F01-1FRF-01/N71
1547,PGPD3-6,F07-2FT-03/N71
1548,PGPD3-6,F05-4FA-01A/N71
1549,PGPD3-6,J01-1FAP-16/N84
1550,PGPD3-6,F01-4FARF-06/N104
1551,PGPD3-6,F02-3FAP-01/N71
1552,PGPD3-6,F02-4FRF-04/N104
1553,PGPD3-6,F05-2FA-38A/N71
1554,PGPD3-6,F01-3FRF-05/D20
1555,PGPD3-6,F05-4FA-02B/N71
1556,PGPD3-6,F02-1FT-REL/D10
1557,PGPD3-6,F01-3FAP-02A/N61
1558,PGPD3-6,F01-1FAP-24/N104
1559,PGPD3-6,J01-1FAP-14/D20
1560,PGPD3-6,F02-1F-IQC/D10
1561,PGPD3-6,F01-4FAP-08/N84
1562,PGPD3-6,F01-3FAP-09A/N71
1563,PGPD3-6,F01-4F-FD/N71
1564,PGPD3-6,F05-2FA-19A/N71
1565,PGPD3-6,F05-4FA-01/N71
1566,PGPD3-6,F01-1FAP-13/N84
1567,PGPD3-6,F01-4FAP-04/N104
1568,PGPD3-6,F03-4FA-14B/N71
1569,PGPD3-6,F01-4FRF-06/N104
1570,PGPD3-6,F05-4FA-09A/N71
1571,PGPD3-6,F01-1FAAP-50/D20
1572,PGPD3-6,F07-2F-RF/T166
1573,PGPD3-6,F07-3FA-08B/N71
1574,PGPD3-6,F01-4FRF-06A/D10
1575,PGPD3-6,F05-1FP-01/N71
1576,PGPD3-6,J01-1FAP-09/N104
1577,PGPD3-6,F01-4FRF-07A/D20
1578,PGPD3-6,F01-3FAP-10A/D10
1579,PGPD3-6,F01-3FARF-01/N84
1580,PGPD3-6,F07-2FP-09/N71
1581,PGPD3-6,F05-4FA-17A/N71
1582,PGPD3-6,F04-4F-RF/T536
1583,PGPD3-6,F05-3FT-07/N71
1584,PGPD3-6,F05-3FT-QE/N71
1585,PGPD3-6,J01-1FAP-13/D20
1586,PGPD3-6,F07-3FA-09/N71
1587,PGPD3-6,F01-1FRF-09/N104
1588,PGPD3-6,J01-3FAP-15/N104
1589,PGPD3-6,F01-3FRF-05A/D20
1590,PGPD3-6,F01-4FRF-07A/D10
1591,PGPD3-6,F02-4F-REP01/N84
1592,PGPD3-6,F03-3FT-14/N71
1593,PGPD3-6,F05-3FT-01/N71
1594,PGPD3-6,F07-2FT-02/N71
1595,PGPD3-6,F07-2FP-08/N71
1596,PGPD3-6,J01-1FAP-11/N84
1597,PGPD3-6,F01-4FARF-05/N104
1598,PGPD3-6,F03-4FA-12/N71
1599,PGPD3-6,F02-4FRF-03/N104
1600,PGPD3-6,F05-2FA-37A/N71
1601,PGPD3-6,F01-3FRF-04/D20
1602,PGPD3-6,F05-4FA-01B/N71
1603,PGPD3-6,F01-1F-REP03/D10
1604,PGPD3-6,F01-3FAP-01A/N61
1605,PGPD3-6,F01-1FAP-23/N104
1606,PGPD3-6,F02-1F-IQC/D20
1607,PGPD3-6,F02-4FAP-08/D10
1608,PGPD3-6,F01-4FAP-07/N84
1609,PGPD3-6,F01-3FAP-08A/N71
1610,PGPD3-6,F01-3FRF-16/N71
1611,PGPD3-6,F07-3FT-REP/N71
1612,PGPD3-6,F05-3FR-01/N71
1613,PGPD3-6,F01-4FRF-12/N84
1614,PGPD3-6,F01-4FAP-03/N104
1615,PGPD3-6,F03-4FA-13B/N71
1616,PGPD3-6,F01-4FRF-05/N104
1617,PGPD3-6,F05-4FA-08A/N71
1618,PGPD3-6,F01-1FAAP-61/D20
1619,PGPD3-6,F05-3FT-RF/T166
1620,PGPD3-6,F07-3FA-07B/N71
1621,PGPD3-6,F01-4FRF-03A/D10
1622,PGPD3-6,F07-2FT-CA/N71
1623,PGPD3-6,J01-1FAP-08/N104
1624,PGPD3-6,J01-3FAP-19/D20
1625,PGPD3-6,F01-3FAP-08A/D10
1626,PGPD3-6,J01-3FAP-09/N84
1627,PGPD3-6,F01-4FRF-07A/N71
1628,PGPD3-6,F02-3FRF-01/N71
1629,PGPD3-6,F05-2FA-26A/N71
1630,PGPD3-6,F07-3FA-06/N71
1631,PGPD3-6,F01-1FRF-06/N84
1632,PGPD3-6,F02-4FAP-05/N104
1633,PGPD3-6,F02-1F-IQC/N71
1634,PGPD3-6,J01-3FAP-12/N104
1635,PGPD3-6,F05-4FA-16A/N71
1636,PGPD3-6,F01-1FRF-05/D20
1637,PGPD3-6,F02-4F-REP01/T536
1638,PGPD3-6,F05-3FT-06/N71
1639,PGPD3-6,F02-4FRF-09/D10
1640,PGPD3-6,F05-3FP-07/N71
1641,PGPD3-6,F01-4FRF-10/N84
1642,PGPD3-6,F01-1FAP-15/N104
1643,PGPD3-6,F02-3FR-01/N71
1644,PGPD3-6,F01-4FARF-16/N104
1645,PGPD3-6,F05-2FA-29A/N71
1646,PGPD3-7,F02-3FPAM-01/D52
1647,PGPD3-7,F02-1F-REL/D52
1648,PGPD3-7,F05-2F-REL/N104
1649,PGPD3-7,F01-1FAP-06/D52
1650,PGPD3-7,F05-4F-RD05/N104
1651,PGPD3-7,F02-3FGS-03/D52
1652,PGPD3-7,F05-4F-IQC/N104
1653,PGPD3-7,F02-3FHS-03/D52
1654,PGPD3-7,F02-3FAS-03/D52
1655,PGPD3-7,F05-2F-REL01/N104
1656,PGPD3-7,F02-3FTS-02/D52
1657,PGPD3-7,F05-4FP-01/N104
1658,PGPD3-7,F02-3FGS-02/D52
1659,PGPD3-7,F05-4F-RD02/N104
1660,PGPD3-7,F02-3FHS-02/D52
1661,PGPD3-7,F02-1F-REL03/N84
1662,PGPD3-7,F02-3FAS-02/D52
1663,PGPD3-7,F02-1F-RD05/D79
1664,PGPD3-7,F02-3FTS-01/D52
1665,PGPD3-7,F02-3FGS-01/D52
1666,PGPD3-7,F05-4FHS-03/N104
1667,PGPD3-7,F02-3FHS-01/D52
1668,PGPD3-7,F02-3F-REP02/N84
1669,PGPD3-7,F02-3FAS-01/D52
1670,PGPD3-7,F02-3FP-01/D52
1671,PGPD3-7,F02-3F-REP/D52
1672,PGPD3-7,F06-1FR-01/D52
1673,PGPD3-7,F05-3F-QE/N104
1674,PGPD3-7,F02-3F-CA/N84
1675,PGPD3-7,F02-2F-RD01/D52
1676,PGPD3-7,F01-1FAP-08/D52
1677,PGPD3-7,F02-1F-IQC/D52
1678,PGPD3-7,F06-1F-CA01/D52
1679,PGPD3-7,F05-4F-CA/N104
1680,PGPD3-7,F01-1FAP-03/D52
1681,PGPD3-7,F01-1FAP-05/D52
1682,PGPD3-7,F02-3FRF-01/D52
1683,PGPD3-7,F06-1F-REL01/D52
1684,PGPD3-7,F05-4F-REP/N104
1685,PGPD3-7,F02-3FRF-02/D52
1686,PGPD3-7,F02-1F-IQC/N84
1687,PGPD3-7,F02-3F-REP01/D52
1688,PGPD3-7,F02-3F-REL/D52
1689,PGPD3-7,F06-1FPAM-02/D52
1690,PGPD3-7,F05-4FPAM-01/N104
1691,PGPD3-7,F01-1FAP-07/D52
1692,PGPD3-7,F02-1FT-REL/N84
1693,PGPD3-7,F01-1FAP-01/D52
1694,PGPD3-7,F02-3F-RD01/D52
1695,PGPD3-7,F05-4F-RD01/N104
1696,PGPD3-7,F06-1FPAM-01/D52
1697,PGPD3-7,F05-4FPAM-02/N104
1698,PGPD3-7,F01-1FAP-04/D52
1699,PGPD3-7,F02-1F-IQC/N104
